TRUNCATE TABLE contrato_general CASCADE;

INSERT INTO contrato_general (
    id, 
    tipo_contratacion_id,
    tipo_contrato_id,
    fecha_suscripcion_estudios,
    aplica_poliza,
    ordenador_id,
    modalidad_id,
    tipologia_especifica_id,
    regimen_contratacion_id,
    procedimiento_id,
    plazo_ejecucion,
    fecha_proyeccion_id,
    numero_constancia,
    clase_constancia_id,
    valor_acumulados,
    tipo_smlmv_id,
    valor_pesos,
    origen_recursos_id,
    origen_presupuesto_id,
    forma_pago_inversion_id,
    valor_contrato_me,
    valor_tasa_cambio,
    modelo_pago_id,
    clausula_registro_presupuestal,
    modo_pago,
    objeto_contrato,
    actividades,
    condiciones,
    justificacion,
    observaciones,
    vigencia,
    concepto_elaboracion,
    fecha_inicial,
    fecha_final,
    usuario_legado,
    activo
) VALUES 
(1, 1, 1, '2024-01-15', true, 101, 1, 1, 1, 1, 180, 2024, 10001, 1, 
 1500000.0, 1, 45000000.00, 1, 1, 1, 0.000, 1.0000000000, 1, true,
 'Mensual', 'Prestación de servicios profesionales de desarrollo de software', 
 'Desarrollo, mantenimiento y soporte de aplicaciones', 
 'Cumplimiento de entregables mensuales según cronograma',
 'Necesidad de fortalecer el equipo de desarrollo',
 'Contrato inicial del área de TI', 
 '2024', 'Elaboración directa', '2024-01-15', '2024-07-15', 'USR001', true),

(2, 2, 2, '2024-01-20', true, 102, 2, 2, 2, 2, 365, 2024, 10002, 2, 
 2500000.0, 2, 120000000.00, 2, 2, 2, 0.000, 1.0000000000, 2, true,
 'Bimestral', 'Servicios de consultoría en gestión de proyectos', 
 'Asesoría, seguimiento y control de proyectos estratégicos',
 'Entregables bimestrales con informes detallados',
 'Optimización de la gestión de proyectos institucionales',
 'Contrato de consultoría estratégica', 
 '2024', 'Elaboración por convocatoria', '2024-02-01', '2025-01-31', 'USR002', true),

(3, 1, 3, '2024-02-01', false, 103, 1, 3, 1, 3, 90, 2024, 10003, 1, 
 800000.0, 1, 25000000.00, 1, 1, 1, 0.000, 1.0000000000, 1, true,
 'Único pago', 'Adquisición de equipos de cómputo', 
 'Compra e instalación de equipos informáticos',
 'Entrega única con garantía de 3 años',
 'Renovación tecnológica programada',
 'Compra de equipos departamento TI', 
 '2024', 'Elaboración por suministro', '2024-02-15', '2024-05-15', 'USR003', true),

(4, 2, 1, '2024-02-15', true, 104, 2, 1, 2, 1, 240, 2024, 10004, 2, 
 3000000.0, 2, 180000000.00, 2, 2, 2, 0.000, 1.0000000000, 2, true,
 'Trimestral', 'Servicios de auditoría y control interno', 
 'Auditoría interna y evaluación de procesos',
 'Informes trimestrales de auditoría y seguimiento',
 'Cumplimiento normativo y mejora continua',
 'Auditoría general 2024', 
 '2024', 'Elaboración especializada', '2024-03-01', '2024-10-31', 'USR004', true),

(5, 1, 2, '2024-03-01', true, 105, 1, 2, 1, 2, 150, 2024, 10005, 1, 
 1200000.0, 1, 55000000.00, 1, 1, 1, 0.000, 1.0000000000, 1, false,
 'Mensual', 'Mantenimiento de infraestructura física', 
 'Mantenimiento preventivo y correctivo de instalaciones',
 'Cronograma mensual de mantenimiento',
 'Preservación y mejora de instalaciones',
 'Mantenimiento sede principal', 
 '2024', 'Elaboración técnica', '2024-03-15', '2024-08-15', 'USR005', true),

(6, 2, 3, '2024-03-15', true, 106, 2, 3, 2, 3, 300, 2024, 10006, 2, 
 4000000.0, 2, 220000000.00, 2, 2, 2, 0.000, 1.0000000000, 2, true,
 'Bimestral', 'Desarrollo e implementación de sistema ERP', 
 'Desarrollo, pruebas y despliegue de sistema integrado',
 'Entregables según cronograma de implementación',
 'Modernización de sistemas administrativos',
 'Proyecto ERP fase 1', 
 '2024', 'Elaboración por proyecto', '2024-04-01', '2024-12-31', 'USR006', true),

(7, 1, 1, '2024-04-01', false, 107, 1, 1, 1, 1, 120, 2024, 10007, 1, 
 900000.0, 1, 35000000.00, 1, 1, 1, 0.000, 1.0000000000, 1, true,
 'Mensual', 'Servicios de capacitación en competencias digitales', 
 'Capacitación y evaluación de personal',
 'Reportes mensuales de avance y evaluación',
 'Fortalecimiento de competencias institucionales',
 'Programa capacitación TI', 
 '2024', 'Elaboración formativa', '2024-04-15', '2024-08-15', 'USR007', true),

(8, 2, 2, '2024-04-15', true, 108, 2, 2, 2, 2, 270, 2024, 10008, 2, 
 3500000.0, 2, 160000000.00, 2, 2, 2, 0.000, 1.0000000000, 2, true,
 'Trimestral', 'Consultoría en transformación digital', 
 'Asesoría y acompañamiento en transformación digital',
 'Entregables trimestrales según plan de transformación',
 'Modernización de procesos institucionales',
 'Transformación digital 2024', 
 '2024', 'Elaboración estratégica', '2024-05-01', '2025-01-31', 'USR008', true),

(9, 1, 3, '2024-05-01', true, 109, 1, 3, 1, 3, 60, 2024, 10009, 1, 
 600000.0, 1, 28000000.00, 1, 1, 1, 0.000, 1.0000000000, 1, false,
 'Único pago', 'Adquisición de licencias de software', 
 'Compra e instalación de licencias especializadas',
 'Entrega única con soporte por 1 año',
 'Actualización de licenciamiento institucional',
 'Licencias software 2024', 
 '2024', 'Elaboración por suministro', '2024-05-15', '2024-07-15', 'USR009', true),

(10, 2, 1, '2024-05-15', true, 110, 2, 1, 2, 1, 330, 2024, 10010, 2, 
 4500000.0, 2, 250000000.00, 2, 2, 2, 0.000, 1.0000000000, 2, true,
 'Mensual', 'Servicios de seguridad informática', 
 'Implementación y monitoreo de seguridad IT',
 'Informes mensuales de seguridad y eventos',
 'Fortalecimiento de la seguridad informática',
 'Seguridad IT 2024', 
 '2024', 'Elaboración especializada', '2024-06-01', '2025-04-30', 'USR010', true);


TRUNCATE TABLE convenio CASCADE;

INSERT INTO convenio (
    id,
    monto_convenio_id,
    tipo_convenio_id,
    contrato_general_id,
    activo
) VALUES 
(1, 1, 1, 1, true),   
(2, 2, 2, 1, true),
(3, 1, 3, 2, true),   
(4, 2, 1, 2, true),
(5, 3, 2, 3, true),  
(6, 1, 3, 3, true),
(7, 2, 1, 4, true),  
(8, 3, 2, 4, true),
(9, 1, 3, 5, true),  
(10, 2, 1, 5, true),
(11, 3, 2, 6, true), 
(12, 1, 3, 6, true),
(13, 2, 1, 7, true), 
(14, 3, 2, 7, true),
(15, 1, 3, 8, true),  
(16, 2, 1, 8, true),
(17, 3, 2, 9, true),  
(18, 1, 3, 9, true),
(19, 2, 1, 10, true), 
(20, 3, 2, 10, true);

TRUNCATE TABLE contratista CASCADE;

INSERT INTO contratista (
    id,
    numero_documento,
    tipo_persona,
    contrato_general_id,
    activo
) VALUES 
(1, '1098765432', 'Natural', 1, true),
(2, '1098765433', 'Natural', 1, true),
(3, '1098765434', 'Natural', 2, true),
(4, '1098765435', 'Natural', 2, true),
(5, '1098765436', 'Natural', 3, true),
(6, '900123456-1', 'Juridica', 3, true),
(7, '900123457-2', 'Juridica', 4, true),
(8, '900123458-3', 'Juridica', 4, true),
(9, '900123459-4', 'Juridica', 5, true),
(10, '900123460-5', 'Juridica', 5, true),
(11, '1098765437', 'Natural', 6, true),
(12, '1098765438', 'Natural', 6, true),
(13, '1098765439', 'Natural', 7, true),
(14, '1098765440', 'Natural', 7, true),
(15, '1098765441', 'Natural', 8, true),
(16, '900123461-6', 'Juridica', 8, true),
(17, '900123462-7', 'Juridica', 9, true),
(18, '900123463-8', 'Juridica', 9, true),
(19, '900123464-9', 'Juridica', 10, true),
(20, '900123465-0', 'Juridica', 10, true);

TRUNCATE TABLE contrato_arrendamiento CASCADE;

INSERT INTO contrato_arrendamiento (
    id,
    plazo_pago_mensual,
    plazo_administracion,
    valor_administracion,
    plazo_entrega,
    valor_arrendamiento,
    contrato_general_id,
    activo
) VALUES 
(1, 30, 365, 500000, 15, 2500000, 1, true),
(2, 30, 180, 300000, 10, 1800000, 1, true),
(3, 30, 365, 600000, 15, 3000000, 2, true),
(4, 30, 180, 400000, 10, 2000000, 2, true),
(5, 30, 365, 550000, 15, 2700000, 3, true),
(6, 30, 180, 350000, 10, 1900000, 3, true),
(7, 30, 365, 650000, 15, 3200000, 4, true),
(8, 30, 180, 450000, 10, 2200000, 4, true),
(9, 30, 365, 700000, 15, 3500000, 5, true),
(10, 30, 180, 480000, 10, 2400000, 5, true),
(11, 30, 365, 520000, 15, 2600000, 6, true),
(12, 30, 180, 320000, 10, 1850000, 6, true),
(13, 30, 365, 580000, 15, 2900000, 7, true),
(14, 30, 180, 380000, 10, 1950000, 7, true),
(15, 30, 365, 620000, 15, 3100000, 8, true),
(16, 30, 180, 420000, 10, 2100000, 8, true),
(17, 30, 365, 680000, 15, 3400000, 9, true),
(18, 30, 180, 460000, 10, 2300000, 9, true),
(19, 30, 365, 720000, 15, 3600000, 10, true),
(20, 30, 180, 500000, 10, 2500000, 10, true);


TRUNCATE TABLE registro_presupuestal CASCADE;
TRUNCATE TABLE cdp CASCADE;

INSERT INTO cdp (
    id,
    numero_cdp_id,
    fecha_registro,
    vigencia_cdp,
    contrato_general_id,
    activo
) VALUES 
(1, 20240001, '2024-01-10', 2024, 1, true),
(2, 20240002, '2024-01-15', 2024, 1, true),
(3, 20240003, '2024-01-20', 2024, 2, true),
(4, 20240004, '2024-01-25', 2024, 2, true),
(5, 20240005, '2024-02-01', 2024, 3, true),
(6, 20240006, '2024-02-05', 2024, 3, true),
(7, 20240007, '2024-02-10', 2024, 4, true),
(8, 20240008, '2024-02-15', 2024, 4, true),
(9, 20240009, '2024-02-20', 2024, 5, true),
(10, 20240010, '2024-02-25', 2024, 5, true),
(11, 20240011, '2024-03-01', 2024, 6, true),
(12, 20240012, '2024-03-05', 2024, 6, true),
(13, 20240013, '2024-03-10', 2024, 7, true),
(14, 20240014, '2024-03-15', 2024, 7, true),
(15, 20240015, '2024-03-20', 2024, 8, true),
(16, 20240016, '2024-03-25', 2024, 8, true),
(17, 20240017, '2024-04-01', 2024, 9, true),
(18, 20240018, '2024-04-05', 2024, 9, true),
(19, 20240019, '2024-04-10', 2024, 10, true),
(20, 20240020, '2024-04-15', 2024, 10, true);

INSERT INTO registro_presupuestal (
    id,
    numero_disponibilidad,
    fecha_registro,
    vigencia_cdp,
    cdp_id,
    activo
) VALUES 
(1, 240001, '2024-01-12', 2024, 1, true),
(2, 240002, '2024-01-17', 2024, 2, true),
(3, 240003, '2024-01-22', 2024, 3, true),
(4, 240004, '2024-01-27', 2024, 4, true),
(5, 240005, '2024-02-03', 2024, 5, true),
(6, 240006, '2024-02-07', 2024, 6, true),
(7, 240007, '2024-02-12', 2024, 7, true),
(8, 240008, '2024-02-17', 2024, 8, true),
(9, 240009, '2024-02-22', 2024, 9, true),
(10, 240010, '2024-02-27', 2024, 10, true),
(11, 240011, '2024-03-03', 2024, 11, true),
(12, 240012, '2024-03-07', 2024, 12, true),
(13, 240013, '2024-03-12', 2024, 13, true),
(14, 240014, '2024-03-17', 2024, 14, true),
(15, 240015, '2024-03-22', 2024, 15, true),
(16, 240016, '2024-03-27', 2024, 16, true),
(17, 240017, '2024-04-03', 2024, 17, true),
(18, 240018, '2024-04-07', 2024, 18, true),
(19, 240019, '2024-04-12', 2024, 19, true),
(20, 240020, '2024-04-17', 2024, 20, true);

TRUNCATE TABLE supervisor_contrato CASCADE;
TRUNCATE TABLE lugar_ejecucion CASCADE;

INSERT INTO supervisor_contrato (
    id,
    contrato_general_id,
    supervisor_id,
    activo
) VALUES 
(1, 1, 101, true),
(2, 1, 102, true),
(3, 2, 103, true),
(4, 2, 104, true),
(5, 3, 105, true),
(6, 3, 106, true),
(7, 4, 107, true),
(8, 4, 108, true),
(9, 5, 109, true),
(10, 5, 110, true),
(11, 6, 111, true),
(12, 6, 112, true),
(13, 7, 113, true),
(14, 7, 114, true),
(15, 8, 115, true),
(16, 8, 116, true),
(17, 9, 117, true),
(18, 9, 118, true),
(19, 10, 119, true),
(20, 10, 120, true);

INSERT INTO lugar_ejecucion (
    id,
    pais_id,
    municipio_id,
    dependencia_id,
    ciudad_id,
    sede_id,
    direccion,
    contrato_general_id,
    activo
) VALUES 
(1, 1, 1, 1, 1, 1, 'Calle 100 #15-20', 1, true),
(2, 1, 1, 2, 1, 2, 'Carrera 7 #71-52', 1, true),
(3, 1, 2, 1, 2, 1, 'Avenida El Dorado #68C-61', 2, true),
(4, 1, 2, 2, 2, 2, 'Calle 72 #7-64', 2, true),
(5, 1, 3, 1, 3, 1, 'Carrera 15 #93-60', 3, true),
(6, 1, 3, 2, 3, 2, 'Calle 80 #11-42', 3, true),
(7, 1, 4, 1, 4, 1, 'Avenida Suba #116-70', 4, true),
(8, 1, 4, 2, 4, 2, 'Carrera 11 #82-76', 4, true),
(9, 1, 5, 1, 5, 1, 'Calle 26 #59-51', 5, true),
(10, 1, 5, 2, 5, 2, 'Carrera 13 #36-24', 5, true),
(11, 1, 6, 1, 6, 1, 'Autopista Norte #106-35', 6, true),
(12, 1, 6, 2, 6, 2, 'Calle 67 #7-35', 6, true),
(13, 1, 7, 1, 7, 1, 'Carrera 7 #32-16', 7, true),
(14, 1, 7, 2, 7, 2, 'Calle 53 #10-60', 7, true),
(15, 1, 8, 1, 8, 1, 'Avenida 68 #75A-50', 8, true),
(16, 1, 8, 2, 8, 2, 'Carrera 9 #73-44', 8, true),
(17, 1, 9, 1, 9, 1, 'Calle 116 #23-06', 9, true),
(18, 1, 9, 2, 9, 2, 'Carrera 15 #88-21', 9, true),
(19, 1, 10, 1, 10, 1, 'Avenida Caracas #46-72', 10, true),
(20, 1, 10, 2, 10, 2, 'Calle 95 #13-55', 10, true);

TRUNCATE TABLE acta_inicio CASCADE;
TRUNCATE TABLE especificaciones_tecnicas CASCADE;

INSERT INTO acta_inicio (
    id,
    usuario_id,
    usuario_legado,
    descripcion,
    fecha_inicio,
    fecha_fin,
    contrato_general_id,
    activo
) VALUES 
(1, 201, 'USER001', 'Inicio de desarrollo de software - Fase 1', '2024-01-20', '2024-07-20', 1, true),
(3, 203, 'USER003', 'Consultoría estratégica organizacional', '2024-02-05', '2025-02-04', 2, true),
(5, 205, 'USER005', 'Equipamiento tecnológico sede principal', '2024-02-20', '2024-05-20', 3, true),
(7, 207, 'USER007', 'Auditoría procesos internos', '2024-03-05', '2024-11-05', 4, true),
(9, 209, 'USER009', 'Mantenimiento infraestructura física', '2024-03-20', '2024-08-20', 5, true),
(11, 211, 'USER011', 'Desarrollo ERP corporativo', '2024-04-05', '2025-01-05', 6, true),
(14, 214, 'USER014', 'Formación competencias IT', '2024-04-25', '2024-08-25', 7, true),
(16, 216, 'USER016', 'Modernización procesos', '2024-05-10', '2025-02-10', 8, true),
(18, 218, 'USER018', 'Implementación nuevas licencias', '2024-05-25', '2024-07-25', 9, true),
(20, 220, 'USER020', 'Monitoreo seguridad IT', '2024-06-10', '2025-05-10', 10, true);

INSERT INTO especificaciones_tecnicas (
    id,
    especificacion,
    descripcion,
    contrato_general_id,
    activo
) VALUES 
(1, 'SPEC-DEV-001', 'Desarrollo en Stack MEAN con MongoDB, Express, Angular y Node.js', 1, true),
(2, 'SPEC-DEV-002', 'Implementación de API RESTful y documentación Swagger', 1, true),
(3, 'SPEC-CONS-001', 'Metodología Agile para gestión de proyectos', 2, true),
(4, 'SPEC-CONS-002', 'Framework TOGAF para arquitectura empresarial', 2, true),
(5, 'SPEC-EQ-001', 'Equipos con procesador i7 12va generación o superior', 3, true),
(6, 'SPEC-EQ-002', 'Minimum 16GB RAM, 512GB SSD', 3, true),
(7, 'SPEC-AUD-001', 'Marco COBIT para auditoría IT', 4, true),
(8, 'SPEC-AUD-002', 'ISO 27001 para seguridad de información', 4, true),
(9, 'SPEC-MANT-001', 'Normas técnicas de construcción NSR-10', 5, true),
(10, 'SPEC-MANT-002', 'Certificaciones de calidad ISO 9001', 5, true),
(11, 'SPEC-ERP-001', 'Sistema ERP basado en SAP S/4HANA', 6, true),
(12, 'SPEC-ERP-002', 'Integración con sistemas legacy', 6, true),
(13, 'SPEC-CAP-001', 'Certificación internacional en cloud computing', 7, true),
(14, 'SPEC-CAP-002', 'Formación en metodologías DevOps', 7, true),
(15, 'SPEC-TRANS-001', 'Framework ITIL v4 para servicios IT', 8, true),
(16, 'SPEC-TRANS-002', 'Metodología Design Thinking', 8, true),
(17, 'SPEC-LIC-001', 'Licencias Microsoft 365 E3', 9, true),
(18, 'SPEC-LIC-002', 'Adobe Creative Cloud Team', 9, true),
(19, 'SPEC-SEC-001', 'Implementación Zero Trust Security', 10, true),
(20, 'SPEC-SEC-002', 'SOC basado en IBM QRadar', 10, true);

TRUNCATE TABLE estado_contrato CASCADE;

INSERT INTO estado_contrato (
    id,
    usuario_id,
    motivo,
    fecha_ejecucion_estado,
    contrato_general_id,
    estado_id,
    activo
) VALUES 
(1, 301, 'Inicio de ejecución del contrato', '2024-01-20 09:00:00', 1, 1, true),
(2, 301, 'Avance del 25% en desarrollo', '2024-02-20 10:00:00', 1, 2, true),
(3, 302, 'Inicio fase de consultoría', '2024-02-05 09:00:00', 2, 1, true),
(4, 302, 'Entrega primer informe trimestral', '2024-05-05 14:00:00', 2, 2, true),
(5, 303, 'Inicio proceso de compra', '2024-02-20 09:00:00', 3, 1, true),
(6, 303, 'Recepción de equipos', '2024-03-20 11:00:00', 3, 2, true),
(7, 304, 'Inicio auditoría', '2024-03-05 09:00:00', 4, 1, true),
(8, 304, 'Hallazgos preliminares', '2024-04-05 15:00:00', 4, 2, true),
(9, 305, 'Inicio mantenimiento', '2024-03-20 09:00:00', 5, 1, true),
(10, 305, 'Primera fase completada', '2024-04-20 16:00:00', 5, 2, true),
(11, 306, 'Inicio desarrollo ERP', '2024-04-05 09:00:00', 6, 1, true),
(12, 306, 'Módulo financiero completado', '2024-06-05 14:00:00', 6, 2, true),
(13, 307, 'Inicio programa capacitación', '2024-04-20 09:00:00', 7, 1, true),
(14, 307, 'Primer módulo completado', '2024-05-20 17:00:00', 7, 2, true),
(15, 308, 'Inicio consultoría digital', '2024-05-05 09:00:00', 8, 1, true),
(16, 308, 'Diagnóstico inicial completado', '2024-06-05 10:00:00', 8, 2, true),
(17, 309, 'Inicio proceso licenciamiento', '2024-05-20 09:00:00', 9, 1, true),
(18, 309, 'Activación de licencias', '2024-06-01 11:00:00', 9, 2, true),
(19, 310, 'Inicio implementación seguridad', '2024-06-05 09:00:00', 10, 1, true),
(20, 310, 'Primera fase de seguridad', '2024-07-05 15:00:00', 10, 2, true);